id,username,position,posts,ppd,up,down,registered
61,User4062,Full Member,113.0,1.527,13.0,16.0,"December 09, 2013"
138,User4592,Vendor,3.0,0.022,1.0,0.0,"October 11, 2013"
188,User5628,Vendor,7.0,0.103,5.0,0.0,"December 16, 2013"
207,User4519,Full Member,101.0,1.485,1.0,1.0,"December 17, 2013"
321,User5555,Full Member,134.0,2.233,14.0,0.0,"December 23, 2013"
425,User4597,Full Member,102.0,1.855,7.0,2.0,"December 28, 2013"
489,User300,Full Member,100.0,1.887,5.0,10.0,"December 30, 2013"
566,User4745,Full Member,102.0,2.082,3.0,0.0,"January 02, 2014"
663,User1164,Full Member,203.0,1.493,65.0,35.0,"October 09, 2013"
668,User1158,Vendor,10.0,0.079,1.0,0.0,"October 19, 2013"
728,User1685,Vendor,6.0,0.056,1.0,1.0,"November 08, 2013"
730,User3662,Vendor,4.0,0.037,0.0,0.0,"November 08, 2013"
740,User475,Full Member,106.0,1.029,11.0,4.0,"November 11, 2013"
742,User2847,Vendor,1.0,0.007,0.0,1.0,"October 09, 2013"
743,User692,Vendor,13.0,0.127,2.0,2.0,"November 12, 2013"
761,User517,Vendor,6.0,0.061,2.0,2.0,"November 17, 2013"
815,User3211,Vendor,2.0,0.021,0.0,1.0,"November 20, 2013"
888,User245,Vendor,8.0,0.089,2.0,0.0,"November 25, 2013"
905,User973,Vendor,1.0,0.007,0.0,0.0,"October 09, 2013"
961,User691,Vendor,5.0,0.059,0.0,0.0,"November 30, 2013"
977,User2693,Full Member,119.0,1.417,1.0,0.0,"December 01, 2013"
986,User2633,Vendor,12.0,0.145,0.0,6.0,"December 01, 2013"
993,User1407,Vendor,25.0,0.185,5.0,2.0,"October 10, 2013"
1129,User4673,Vendor,2.0,0.015,0.0,0.0,"October 08, 2013"
1193,User511,Vendor,8.0,0.077,1.0,0.0,"November 09, 2013"
1210,User1045,Vendor,5.0,0.04,0.0,3.0,"October 21, 2013"
1245,User3510,Full Member,101.0,1.384,2.0,0.0,"December 12, 2013"
1266,User3341,Vendor,60.0,0.882,2.0,1.0,"December 16, 2013"
1283,User2187,Vendor,51.0,0.567,0.0,0.0,"November 24, 2013"
1341,User3021,Vendor,70.0,1.014,11.0,3.0,"December 14, 2013"
1350,User425,Vendor,19.0,0.229,2.0,4.0,"December 02, 2013"
1356,User4987,Vendor,5.0,0.046,1.0,0.0,"November 06, 2013"
1526,User3597,Full Member,111.0,1.144,13.0,4.0,"November 17, 2013"
1665,User1216,Vendor,58.0,1.261,0.0,0.0,"January 08, 2014"
1682,User3560,Full Member,185.0,3.776,17.0,12.0,"January 04, 2014"
1706,User5644,Full Member,124.0,2.255,8.0,6.0,"December 30, 2013"
1723,User2793,Full Member,107.0,2.098,6.0,32.0,"January 03, 2014"
1755,User4525,Vendor,9.0,0.072,5.0,1.0,"October 20, 2013"
1763,User2546,Full Member,191.0,5.306,23.0,20.0,"January 16, 2014"
1774,User57,Journalist,77.0,0.794,17.0,5.0,"November 17, 2013"
1793,User1869,Vendor,6.0,0.051,1.0,0.0,"October 27, 2013"
1808,User514,Full Member,119.0,1.24,16.0,1.0,"November 18, 2013"
1810,User1871,Full Member,234.0,1.828,47.0,1.0,"October 17, 2013"
1816,User3872,Full Member,206.0,1.943,30.0,10.0,"November 08, 2013"
1817,User1279,Vendor,8.0,0.058,1.0,0.0,"October 09, 2013"
1825,User2230,Sr. Member,458.0,3.635,69.0,51.0,"October 19, 2013"
1827,User4619,Full Member,110.0,2.115,4.0,4.0,"January 01, 2014"
1829,User2676,Full Member,173.0,1.632,19.0,5.0,"November 08, 2013"
1836,User3720,Vendor,290.0,3.867,83.0,36.0,"December 08, 2013"
1837,User1466,Hero Member,547.0,5.698,154.0,23.0,"November 17, 2013"
1838,User2013,Full Member,105.0,0.778,22.0,4.0,"October 10, 2013"
1840,User1482,Full Member,136.0,2.0,5.0,13.0,"December 15, 2013"
1841,User5031,Vendor,20.0,0.148,3.0,1.0,"October 09, 2013"
1842,User2826,Full Member,235.0,2.64,66.0,22.0,"November 24, 2013"
1847,User2936,Sr. Member,250.0,1.969,40.0,10.0,"October 18, 2013"
1864,User3919,Full Member,237.0,2.821,45.0,6.0,"November 30, 2013"
1865,User4692,Sr. Member,347.0,8.07,24.0,13.0,"January 09, 2014"
1872,User1405,Full Member,113.0,2.018,2.0,6.0,"December 28, 2013"
1873,User4088,Full Member,230.0,1.704,25.0,20.0,"October 10, 2013"
1875,User3928,Sr. Member,251.0,3.138,32.0,5.0,"December 03, 2013"
1876,User3156,Vendor,132.0,1.714,11.0,2.0,"December 06, 2013"
1879,User3340,Vendor,2.0,0.022,0.0,0.0,"November 26, 2013"
1882,User4555,Full Member,166.0,1.212,12.0,2.0,"October 08, 2013"
1887,User1413,Full Member,161.0,2.477,5.0,0.0,"December 19, 2013"
1888,User3874,Full Member,204.0,1.511,63.0,5.0,"October 09, 2013"
1889,User2306,Full Member,167.0,1.415,76.0,108.0,"October 27, 2013"
1890,User3109,Full Member,123.0,1.952,4.0,3.0,"December 20, 2013"
1891,User1429,Vendor,121.0,0.976,20.0,11.0,"October 20, 2013"
1896,User1230,Sr. Member,476.0,6.8,77.0,44.0,"December 14, 2013"
1899,User5579,Vendor,8.0,0.059,0.0,0.0,"October 09, 2013"
1900,User2172,Full Member,161.0,1.201,102.0,1.0,"October 11, 2013"
1901,User5227,Full Member,140.0,1.217,48.0,5.0,"October 29, 2013"
1902,User3055,Vendor,59.0,0.484,4.0,5.0,"October 22, 2013"
1906,User1881,Full Member,111.0,1.337,3.0,2.0,"November 30, 2013"
1908,User2876,Vendor,162.0,1.2,28.0,19.0,"October 09, 2013"
1909,User3464,Vendor,170.0,1.25,13.0,1.0,"October 08, 2013"
1910,User2223,Full Member,147.0,2.625,11.0,14.0,"December 28, 2013"
1915,User4763,Full Member,126.0,1.518,16.0,2.0,"December 01, 2013"
1922,User1170,Full Member,132.0,1.61,18.0,9.0,"December 01, 2013"
1929,User5063,Vendor,61.0,0.452,1.0,0.0,"October 10, 2013"
1939,User1712,Sr. Member,251.0,3.26,3.0,7.0,"December 07, 2013"
1940,User3240,Vendor,46.0,0.535,10.0,5.0,"November 28, 2013"
1943,User2856,Full Member,172.0,1.274,37.0,6.0,"October 09, 2013"
1952,User5072,Full Member,116.0,0.967,12.0,2.0,"October 25, 2013"
1955,User3549,Vendor,2.0,0.02,0.0,0.0,"November 14, 2013"
1956,User2369,Full Member,142.0,2.407,2.0,2.0,"December 25, 2013"
1963,User1461,Full Member,120.0,2.353,5.0,4.0,"January 01, 2014"
1964,User1173,Full Member,131.0,1.795,5.0,0.0,"December 10, 2013"
1967,User1472,Full Member,133.0,1.385,7.0,7.0,"November 17, 2013"
1989,User752,Vendor,143.0,1.402,22.0,6.0,"November 11, 2013"
1993,User5813,Vendor,88.0,0.83,16.0,7.0,"November 08, 2013"
1997,User2045,Vendor,26.0,0.191,9.0,1.0,"October 08, 2013"
2001,User5857,Vendor,218.0,2.117,23.0,8.0,"November 11, 2013"
2004,User4284,Full Member,140.0,2.857,21.0,26.0,"January 03, 2014"
2009,User5003,Sr. Member,341.0,5.683,38.0,44.0,"December 24, 2013"
2011,User2917,Vendor,27.0,0.25,3.0,1.0,"November 06, 2013"
2012,User4590,Full Member,209.0,1.548,47.0,6.0,"October 09, 2013"
2019,User2721,Vendor,108.0,1.187,15.0,2.0,"November 23, 2013"
2022,User3602,Full Member,204.0,3.4,16.0,12.0,"December 23, 2013"
2033,User1402,Sr. Member,420.0,3.5,62.0,49.0,"October 25, 2013"
2041,User667,Full Member,168.0,2.182,6.0,30.0,"December 07, 2013"
2045,User2604,Vendor,46.0,0.341,22.0,3.0,"October 09, 2013"
2050,User2640,Vendor,2.0,0.015,0.0,0.0,"October 09, 2013"
2052,User4381,Full Member,145.0,2.843,35.0,11.0,"January 02, 2014"
2060,User5547,Vendor,9.0,0.093,0.0,0.0,"November 16, 2013"
2064,User1580,Vendor,250.0,1.923,31.0,5.0,"October 14, 2013"
2073,User4472,Full Member,188.0,1.372,20.0,13.0,"October 08, 2013"
2074,User1803,Full Member,171.0,1.5,12.0,17.0,"October 31, 2013"
2075,User989,Full Member,130.0,1.605,13.0,18.0,"December 03, 2013"
2077,User703,Vendor,31.0,0.244,2.0,1.0,"October 17, 2013"
2079,User2757,Vendor,38.0,0.284,4.0,0.0,"October 11, 2013"
2080,User3220,Full Member,160.0,3.902,17.0,2.0,"January 11, 2014"
2086,User901,Full Member,175.0,1.651,9.0,10.0,"November 08, 2013"
2096,User570,Vendor,15.0,0.142,5.0,0.0,"November 08, 2013"
2106,User4516,Vendor,274.0,3.262,29.0,10.0,"November 29, 2013"
2112,User2044,Full Member,190.0,1.827,17.0,4.0,"November 09, 2013"
2127,User2093,Full Member,230.0,2.84,23.0,20.0,"December 03, 2013"
2129,User991,Vendor,98.0,0.754,28.0,3.0,"October 15, 2013"
2131,User1387,Full Member,133.0,3.325,9.0,3.0,"January 13, 2014"
2137,User3545,Vendor,26.0,0.31,11.0,1.0,"November 29, 2013"
2144,User2232,Vendor,106.0,1.277,8.0,13.0,"December 01, 2013"
2153,User1823,Full Member,134.0,1.787,21.0,3.0,"December 09, 2013"
2155,User2348,Full Member,114.0,2.591,10.0,11.0,"January 09, 2014"
2160,User2128,Sr. Member,329.0,2.511,50.0,2.0,"October 14, 2013"
2169,User4343,Vendor,121.0,1.407,5.0,4.0,"November 27, 2013"
2171,User402,Vendor,207.0,1.784,33.0,16.0,"October 29, 2013"
2175,User1259,Full Member,106.0,1.128,8.0,1.0,"November 20, 2013"
2179,User2589,Full Member,107.0,1.672,5.0,1.0,"December 19, 2013"
2184,User4142,Vendor,57.0,0.538,1.0,0.0,"November 08, 2013"
2187,User1255,Sr. Member,390.0,4.937,35.0,4.0,"December 04, 2013"
2193,User3669,Full Member,181.0,1.331,33.0,5.0,"October 08, 2013"
2202,User2541,Vendor,36.0,0.367,1.0,6.0,"November 16, 2013"
2207,User796,Full Member,115.0,0.885,12.0,10.0,"October 14, 2013"
2211,User3963,Full Member,240.0,3.077,56.0,10.0,"December 06, 2013"
2214,User2689,Full Member,165.0,1.774,34.0,4.0,"November 20, 2013"
2225,User3964,Full Member,247.0,6.175,18.0,4.0,"January 12, 2014"
2230,User1238,Full Member,119.0,1.434,19.0,4.0,"December 01, 2013"
2235,User5241,Vendor,72.0,0.699,9.0,1.0,"November 10, 2013"
2239,User5240,Full Member,112.0,1.4,27.0,3.0,"December 04, 2013"
2242,User2409,Vendor,381.0,3.629,61.0,7.0,"November 08, 2013"
2243,User2722,Sr. Member,388.0,2.874,55.0,42.0,"October 09, 2013"
2246,User4311,Full Member,149.0,1.406,25.0,5.0,"November 08, 2013"
2247,User400,Vendor,6.0,0.044,0.0,0.0,"October 10, 2013"
2253,User3590,Vendor,63.0,0.649,8.0,5.0,"November 17, 2013"
2254,User1820,Hero Member,581.0,13.512,71.0,15.0,"January 10, 2014"
2255,User2304,Vendor,19.0,0.196,3.0,0.0,"November 17, 2013"
2266,User2914,Sr. Member,420.0,6.364,46.0,69.0,"December 18, 2013"
2267,User4004,Vendor,6.0,0.057,0.0,0.0,"November 07, 2013"
2280,User4079,Full Member,108.0,0.806,27.0,24.0,"October 10, 2013"
2283,User3577,Vendor,108.0,1.019,10.0,21.0,"November 08, 2013"
2290,User3228,Vendor,145.0,1.368,13.0,6.0,"November 08, 2013"
2297,User1553,Full Member,107.0,1.138,6.0,6.0,"November 20, 2013"
2300,User2577,Vendor,67.0,0.5,14.0,1.0,"October 11, 2013"
2301,User5366,Sr. Member,391.0,2.896,115.0,15.0,"October 10, 2013"
2312,User258,Full Member,139.0,1.958,32.0,3.0,"December 13, 2013"
2323,User3896,Vendor,87.0,0.821,9.0,4.0,"November 07, 2013"
2328,User3213,Hero Member,911.0,13.203,98.0,60.0,"December 14, 2013"
2330,User4057,Hero Member,1236.0,9.364,158.0,34.0,"October 13, 2013"
2331,User4829,Full Member,142.0,1.732,16.0,8.0,"December 02, 2013"
2335,User1004,Vendor,109.0,1.0,7.0,1.0,"November 04, 2013"
2340,User644,Vendor,10.0,0.074,0.0,0.0,"October 09, 2013"
2341,User959,Vendor,18.0,0.18,19.0,2.0,"November 13, 2013"
2352,User5260,Sr. Member,329.0,3.782,17.0,1.0,"November 26, 2013"
2356,User3321,Vendor,144.0,1.116,23.0,7.0,"October 16, 2013"
2357,User4107,Vendor,312.0,2.6,77.0,49.0,"October 24, 2013"
2358,User600,Vendor,163.0,1.273,15.0,4.0,"October 16, 2013"
2361,User4935,Full Member,133.0,2.418,4.0,1.0,"December 29, 2013"
2362,User2091,Vendor,18.0,0.167,1.0,6.0,"November 07, 2013"
2363,User6023,Vendor,15.0,0.142,1.0,0.0,"November 08, 2013"
2378,User4310,Sr. Member,293.0,2.901,38.0,61.0,"November 12, 2013"
2381,User264,Full Member,151.0,1.987,21.0,115.0,"December 08, 2013"
2383,User622,Full Member,125.0,0.919,14.0,9.0,"October 10, 2013"
2387,User678,Sr. Member,322.0,2.35,86.0,15.0,"October 08, 2013"
2389,User2351,Full Member,127.0,1.058,20.0,1.0,"October 25, 2013"
2395,User4964,Full Member,142.0,1.136,32.0,36.0,"October 20, 2013"
2403,User5932,Vendor,332.0,3.255,80.0,24.0,"November 12, 2013"
2404,User2573,Full Member,184.0,1.353,44.0,10.0,"October 08, 2013"
2405,User1459,Sr. Member,475.0,7.54,49.0,58.0,"December 21, 2013"
2407,User2904,Full Member,131.0,3.743,8.0,12.0,"January 18, 2014"
2408,User873,Full Member,134.0,1.718,12.0,2.0,"December 06, 2013"
2411,User4323,Full Member,140.0,1.944,9.0,4.0,"December 11, 2013"
2412,User5327,Vendor,14.0,0.143,2.0,1.0,"November 17, 2013"
2414,User2465,Full Member,110.0,0.821,16.0,5.0,"October 10, 2013"
2415,User1222,Full Member,188.0,2.186,27.0,6.0,"November 27, 2013"
2416,User610,Journalist,84.0,0.646,15.0,9.0,"October 15, 2013"
2421,User5841,Sr. Member,351.0,2.854,61.0,79.0,"October 21, 2013"
2422,User4190,Full Member,113.0,1.43,9.0,9.0,"December 04, 2013"
2424,User1197,Full Member,108.0,1.479,14.0,15.0,"December 11, 2013"
2425,User500,Full Member,105.0,0.938,11.0,5.0,"November 02, 2013"
2430,User3982,Full Member,187.0,2.877,18.0,10.0,"December 18, 2013"
2436,User5176,Vendor,6.0,0.051,0.0,0.0,"October 27, 2013"
2439,User907,Vendor,10.0,0.078,0.0,0.0,"October 15, 2013"
2441,User1718,Vendor,220.0,2.018,18.0,21.0,"November 04, 2013"
2443,User5472,Vendor,4.0,0.038,0.0,0.0,"November 11, 2013"
2451,User5897,Full Member,104.0,0.759,12.0,9.0,"October 08, 2013"
2452,User546,Vendor,114.0,0.851,21.0,13.0,"October 10, 2013"
2462,User2896,Vendor,333.0,3.171,83.0,53.0,"November 08, 2013"
2464,User5512,Sr. Member,499.0,4.416,78.0,14.0,"November 01, 2013"
2473,User4901,Full Member,127.0,1.789,5.0,2.0,"December 13, 2013"
2478,User3596,Vendor,40.0,0.308,10.0,4.0,"October 15, 2013"
2484,User5092,Vendor,55.0,0.41,0.0,5.0,"October 10, 2013"
2492,User3471,Vendor,89.0,0.664,5.0,2.0,"October 10, 2013"
2496,User3025,Full Member,196.0,3.322,30.0,12.0,"December 25, 2013"
2501,User1585,Full Member,228.0,3.353,26.0,8.0,"December 16, 2013"
2513,User3049,Full Member,230.0,2.875,23.0,6.0,"December 04, 2013"
2520,User4505,Full Member,184.0,3.608,25.0,2.0,"January 01, 2014"
2523,User4638,Sr. Member,274.0,2.108,55.0,18.0,"October 15, 2013"
2527,User6048,Full Member,136.0,1.0,18.0,5.0,"October 09, 2013"
2532,User5786,Full Member,187.0,5.844,27.0,5.0,"January 21, 2014"
2533,User2444,Vendor,78.0,0.722,6.0,4.0,"November 06, 2013"
2534,User3741,Full Member,200.0,1.481,36.0,8.0,"October 09, 2013"
2536,User2789,Full Member,152.0,1.267,18.0,3.0,"October 25, 2013"
2543,User317,Hero Member,2015.0,26.169,255.0,113.0,"December 06, 2013"
2546,User3831,Full Member,202.0,2.082,25.0,3.0,"November 17, 2013"
2550,User2948,Full Member,142.0,1.203,30.0,14.0,"October 27, 2013"
2551,User3342,Full Member,133.0,1.015,128.0,9.0,"October 14, 2013"
2553,User1654,Vendor,67.0,0.568,49.0,12.0,"October 26, 2013"
2558,User5499,Vendor,43.0,0.316,13.0,0.0,"October 08, 2013"
2564,User3961,Vendor,597.0,5.147,95.0,82.0,"October 28, 2013"
2565,User5391,Full Member,122.0,1.034,4.0,1.0,"October 27, 2013"
2570,User1474,Full Member,141.0,1.533,7.0,2.0,"November 21, 2013"
2572,User4924,Full Member,101.0,2.73,15.0,27.0,"January 16, 2014"
2573,User4229,Vendor,81.0,0.988,14.0,0.0,"December 01, 2013"
2577,User5489,Full Member,125.0,0.919,3.0,0.0,"October 09, 2013"
2587,User3236,Full Member,106.0,2.255,20.0,2.0,"January 06, 2014"
2598,User1262,Full Member,205.0,1.653,46.0,6.0,"October 21, 2013"
2600,User3574,Full Member,140.0,1.647,16.0,14.0,"November 29, 2013"
2601,User3535,Vendor,64.0,0.474,1.0,2.0,"October 09, 2013"
2603,User3406,Full Member,217.0,4.932,27.0,18.0,"January 09, 2014"
2623,User1062,Sr. Member,349.0,4.653,35.0,18.0,"December 08, 2013"
2625,User906,Full Member,104.0,1.6,8.0,11.0,"December 18, 2013"
2626,User4020,Full Member,101.0,1.278,8.0,7.0,"December 04, 2013"
2628,User3735,Full Member,128.0,3.122,13.0,7.0,"January 12, 2014"
2631,User1896,Vendor,156.0,2.0,30.0,16.0,"December 05, 2013"
2632,User4431,Vendor,2.0,0.024,4.0,1.0,"December 01, 2013"
2638,User2421,Vendor,114.0,1.39,18.0,4.0,"December 01, 2013"
2642,User3784,Vendor,140.0,1.333,6.0,2.0,"November 08, 2013"
2652,User998,Full Member,102.0,1.378,10.0,1.0,"December 10, 2013"
2654,User3043,Vendor,23.0,0.217,5.0,1.0,"November 08, 2013"
2668,User5630,Full Member,216.0,2.274,61.0,9.0,"November 19, 2013"
2670,User5242,Vendor,83.0,0.79,33.0,0.0,"November 08, 2013"
2675,User4772,Full Member,120.0,3.158,9.0,1.0,"January 14, 2014"
2678,User2146,Vendor,51.0,0.543,2.0,0.0,"November 19, 2013"
2680,User89,Vendor,11.0,0.115,0.0,0.0,"November 18, 2013"
2682,User771,Hero Member,616.0,4.632,106.0,215.0,"October 11, 2013"
2683,User3306,Vendor,168.0,1.388,22.0,3.0,"October 23, 2013"
2689,User4246,Full Member,144.0,1.075,14.0,1.0,"October 10, 2013"
2691,User235,Full Member,102.0,1.052,7.0,1.0,"November 17, 2013"
2695,User1020,Vendor,239.0,1.838,15.0,2.0,"October 14, 2013"
2702,User4826,Sr. Member,277.0,2.798,15.0,7.0,"November 14, 2013"
2703,User5102,Vendor,9.0,0.078,1.0,2.0,"October 30, 2013"
2710,User1573,Vendor,51.0,0.481,7.0,3.0,"November 08, 2013"
2715,User3082,Vendor,7.0,0.066,1.0,0.0,"November 07, 2013"
2717,User5496,Full Member,136.0,1.007,53.0,3.0,"October 09, 2013"
2720,User3706,Full Member,161.0,5.194,9.0,10.0,"January 22, 2014"
2722,User3426,Full Member,109.0,1.473,19.0,7.0,"December 10, 2013"
2729,User5778,Full Member,132.0,1.59,7.0,2.0,"December 01, 2013"
2742,User3315,Full Member,107.0,0.793,103.0,35.0,"October 09, 2013"
2743,User403,Vendor,51.0,0.386,20.0,24.0,"October 13, 2013"
2744,User4035,Vendor,8.0,0.075,2.0,0.0,"November 08, 2013"
2745,User412,Vendor,1673.0,12.674,593.0,102.0,"October 12, 2013"
2758,User1308,Full Member,168.0,2.049,23.0,14.0,"December 02, 2013"
2763,User1143,Full Member,140.0,1.728,25.0,3.0,"December 03, 2013"
2765,User3222,Vendor,88.0,0.846,41.0,0.0,"November 10, 2013"
2770,User1248,Vendor,38.0,0.295,9.0,0.0,"October 16, 2013"
2775,User3011,Full Member,183.0,1.397,24.0,1.0,"October 14, 2013"
2781,User5537,Vendor,90.0,1.385,3.0,1.0,"December 18, 2013"
2785,User1271,Vendor,7.0,0.062,2.0,1.0,"November 01, 2013"
2786,User203,Vendor,29.0,0.282,3.0,0.0,"November 11, 2013"
2789,User4963,Newbie Guide,2047.0,23.261,201.0,29.0,"November 25, 2013"
2801,User1704,Hero Member,819.0,6.112,95.0,39.0,"October 10, 2013"
2806,User4205,Full Member,160.0,1.212,16.0,0.0,"October 12, 2013"
2814,User1301,Vendor,1.0,0.009,4.0,0.0,"October 28, 2013"
2815,User2330,Full Member,135.0,1.467,8.0,12.0,"November 21, 2013"
2820,User2863,Vendor,70.0,0.511,20.0,1.0,"October 08, 2013"
2822,User3824,Full Member,227.0,1.72,33.0,8.0,"October 12, 2013"
2825,User3329,Full Member,116.0,1.0,40.0,5.0,"October 29, 2013"
2827,User5653,Vendor,10.0,0.12,0.0,0.0,"December 01, 2013"
2835,User5842,Vendor,88.0,0.652,10.0,2.0,"October 09, 2013"
2847,User4248,Hero Member,1325.0,14.402,223.0,31.0,"November 21, 2013"
2849,User1322,Vendor,5.0,0.038,0.0,0.0,"October 14, 2013"
2850,User3324,Full Member,146.0,1.132,35.0,5.0,"October 16, 2013"
2862,User3585,Vendor,325.0,2.407,28.0,20.0,"October 10, 2013"
2868,User1465,Full Member,107.0,1.305,13.0,11.0,"December 02, 2013"
2870,User2320,Vendor,333.0,2.449,45.0,15.0,"October 08, 2013"
2879,User5661,Vendor,53.0,0.646,1.0,0.0,"December 02, 2013"
2881,User3840,Full Member,137.0,1.779,17.0,67.0,"December 07, 2013"
2888,User4652,Vendor,105.0,0.802,14.0,4.0,"October 14, 2013"
2892,User2615,Vendor,129.0,0.963,20.0,4.0,"October 10, 2013"
2893,User2991,Vendor,57.0,0.582,14.0,6.0,"November 16, 2013"
2894,User1132,Sr. Member,300.0,2.419,41.0,7.0,"October 21, 2013"
2898,User5309,Sr. Member,312.0,5.673,9.0,3.0,"December 29, 2013"
2909,User3732,Sr. Member,251.0,1.832,28.0,7.0,"October 08, 2013"
2911,User786,Vendor,129.0,1.008,39.0,14.0,"October 17, 2013"
2923,User38,Vendor,64.0,0.604,8.0,19.0,"November 08, 2013"
2927,User1668,Sr. Member,373.0,4.663,131.0,22.0,"December 04, 2013"
2931,User5706,Full Member,100.0,0.806,5.0,3.0,"October 20, 2013"
2934,User1509,Full Member,112.0,1.302,18.0,7.0,"November 28, 2013"
2937,User2464,Vendor,153.0,1.133,12.0,13.0,"October 09, 2013"
2939,User4397,Full Member,155.0,1.14,12.0,2.0,"October 09, 2013"
2941,User7,Vendor,24.0,0.192,6.0,1.0,"October 20, 2013"
2947,User1660,Vendor,11.0,0.08,0.0,0.0,"October 08, 2013"
2949,User1314,Full Member,191.0,1.425,48.0,1.0,"October 10, 2013"
2952,User605,Full Member,216.0,1.588,35.0,10.0,"October 09, 2013"
2957,User5793,Vendor,189.0,2.011,23.0,5.0,"November 19, 2013"
2962,User5065,Full Member,203.0,3.222,77.0,49.0,"December 21, 2013"
2973,User2352,Full Member,128.0,4.0,3.0,12.0,"January 21, 2014"
2979,User736,Hero Member,1088.0,8.0,274.0,33.0,"October 08, 2013"
2982,User1156,Full Member,105.0,1.129,24.0,9.0,"November 20, 2013"
2984,User5791,Sr. Member,472.0,5.756,123.0,24.0,"December 01, 2013"
2987,User2224,Vendor,12.0,0.107,1.0,1.0,"November 01, 2013"
2991,User6004,Full Member,165.0,2.063,15.0,6.0,"December 03, 2013"
2994,User5662,Sr. Member,395.0,3.086,57.0,15.0,"October 17, 2013"
2996,User2692,Vendor,12.0,0.089,10.0,0.0,"October 11, 2013"
2999,User1557,Full Member,150.0,1.111,42.0,2.0,"October 10, 2013"
3018,User2569,Global Moderator,215.0,1.569,75.0,5.0,"October 08, 2013"
3021,User3186,Full Member,145.0,1.495,23.0,3.0,"November 16, 2013"
3024,User3273,Vendor,60.0,0.75,8.0,0.0,"December 04, 2013"
3036,User2674,Vendor,3.0,0.022,3.0,0.0,"October 10, 2013"
3047,User4315,Full Member,133.0,2.509,10.0,9.0,"December 30, 2013"
3051,User5960,Vendor,46.0,0.43,1.0,0.0,"November 07, 2013"
3055,User1071,Full Member,114.0,1.5,10.0,2.0,"December 08, 2013"
3056,User1904,Full Member,115.0,1.438,22.0,2.0,"December 04, 2013"
3065,User4892,Full Member,173.0,3.932,14.0,6.0,"January 09, 2014"
3066,User5524,Vendor,247.0,1.83,60.0,3.0,"October 09, 2013"
3068,User1094,Vendor,22.0,0.25,5.0,4.0,"November 26, 2013"
3069,User4605,Full Member,206.0,3.121,33.0,2.0,"December 18, 2013"
3073,User3561,Sr. Member,301.0,2.213,69.0,9.0,"October 09, 2013"
3081,User3614,Full Member,105.0,2.333,5.0,0.0,"January 08, 2014"
3083,User3173,Full Member,122.0,0.938,13.0,11.0,"October 15, 2013"
3089,User4415,Vendor,6.0,0.057,4.0,0.0,"November 08, 2013"
3095,User745,Full Member,151.0,1.11,58.0,3.0,"October 09, 2013"
3097,User2606,Hero Member,504.0,11.455,53.0,39.0,"January 08, 2014"
3099,User5453,Full Member,161.0,1.963,9.0,13.0,"December 02, 2013"
3100,User3047,Full Member,114.0,0.857,24.0,21.0,"October 11, 2013"
3104,User468,Full Member,192.0,2.233,33.0,5.0,"November 27, 2013"
3117,User5010,Full Member,163.0,1.37,18.0,3.0,"October 26, 2013"
3121,User2548,Sr. Member,273.0,4.403,24.0,26.0,"December 22, 2013"
3123,User318,Full Member,220.0,1.63,55.0,12.0,"October 09, 2013"
3127,User2158,Vendor,25.0,0.245,18.0,1.0,"November 11, 2013"
3133,User3328,Full Member,102.0,1.729,18.0,11.0,"December 25, 2013"
3141,User2985,Vendor,138.0,1.16,25.0,10.0,"October 25, 2013"
3142,User4795,Vendor,3.0,0.032,0.0,0.0,"November 19, 2013"
3143,User4103,Vendor,247.0,2.906,35.0,7.0,"November 29, 2013"
3144,User2857,Full Member,216.0,1.6,27.0,101.0,"October 10, 2013"
3151,User1673,Full Member,136.0,1.115,29.0,16.0,"October 23, 2013"
3165,User2648,Vendor,5.0,0.036,0.0,0.0,"October 08, 2013"
3166,User5354,Full Member,197.0,1.876,21.0,15.0,"November 08, 2013"
3168,User6055,Full Member,164.0,1.215,14.0,6.0,"October 10, 2013"
3169,User888,Full Member,154.0,3.143,14.0,2.0,"January 04, 2014"
3175,User5213,Full Member,188.0,3.686,16.0,0.0,"January 02, 2014"
3180,User4008,Full Member,142.0,1.775,19.0,4.0,"December 04, 2013"
3184,User4409,Vendor,106.0,0.774,43.0,6.0,"October 08, 2013"
3186,User3501,Vendor,104.0,1.268,7.0,0.0,"December 02, 2013"
3190,User1109,Vendor,324.0,2.418,130.0,17.0,"October 10, 2013"
3191,User3313,Vendor,163.0,1.283,46.0,31.0,"October 17, 2013"
3194,User551,Vendor,5.0,0.055,0.0,0.0,"November 22, 2013"
3195,User336,Full Member,133.0,2.463,36.0,52.0,"December 30, 2013"
3197,User3040,Hero Member,501.0,8.946,121.0,18.0,"December 27, 2013"
3208,User6021,Vendor,120.0,1.2,7.0,15.0,"November 13, 2013"
3209,User354,Hero Member,686.0,14.0,61.0,21.0,"January 04, 2014"
3210,User2425,Hero Member,513.0,4.008,79.0,27.0,"October 16, 2013"
3211,User4162,Full Member,124.0,2.638,10.0,9.0,"January 05, 2014"
3217,User4037,Full Member,164.0,1.726,8.0,2.0,"November 19, 2013"
3218,User4463,Vendor,38.0,0.281,2.0,0.0,"October 09, 2013"
3219,User2370,Full Member,106.0,1.178,6.0,1.0,"November 24, 2013"
3220,User1533,Full Member,108.0,1.714,9.0,5.0,"December 21, 2013"
3226,User466,Full Member,100.0,1.176,2.0,3.0,"November 29, 2013"
3239,User4529,Vendor,21.0,0.157,4.0,1.0,"October 10, 2013"
3241,User1992,Vendor,70.0,0.551,28.0,8.0,"October 18, 2013"
3250,User5719,Vendor,25.0,0.258,1.0,2.0,"November 16, 2013"
3253,User4635,Full Member,132.0,1.784,17.0,12.0,"December 10, 2013"
3257,User2274,Full Member,182.0,4.136,20.0,16.0,"January 08, 2014"
3259,User5394,Full Member,161.0,3.659,24.0,5.0,"January 08, 2014"
3266,User1233,Full Member,124.0,2.34,5.0,2.0,"December 31, 2013"
3273,User5059,Vendor,296.0,2.176,57.0,8.0,"October 08, 2013"
3276,User5,Sr. Member,412.0,5.493,122.0,7.0,"December 08, 2013"
3278,User1795,Full Member,203.0,2.137,6.0,3.0,"November 19, 2013"
3283,User123,Full Member,144.0,1.565,22.0,3.0,"November 21, 2013"
3288,User5120,Full Member,121.0,3.27,6.0,1.0,"January 15, 2014"
3295,User5261,Full Member,126.0,1.726,9.0,0.0,"December 11, 2013"
3298,User5514,Vendor,6.0,0.061,0.0,0.0,"November 15, 2013"
3306,User2142,Vendor,88.0,0.83,6.0,2.0,"November 07, 2013"
3312,User165,Full Member,143.0,3.763,4.0,6.0,"January 15, 2014"
3313,User3441,Full Member,199.0,4.628,31.0,4.0,"January 09, 2014"
3320,User5196,Hero Member,530.0,6.463,54.0,14.0,"December 02, 2013"
3324,User1393,Full Member,209.0,4.447,44.0,4.0,"January 06, 2014"
3330,User4637,Vendor,4.0,0.03,0.0,0.0,"October 11, 2013"
3339,User3949,Full Member,105.0,1.438,60.0,7.0,"December 11, 2013"
3341,User3000,Full Member,223.0,1.652,71.0,4.0,"October 10, 2013"
3342,User5580,Full Member,166.0,2.213,16.0,5.0,"December 08, 2013"
3343,User3547,Hero Member,1026.0,8.922,121.0,29.0,"October 29, 2013"
3346,User3638,Hero Member,829.0,6.096,59.0,12.0,"October 08, 2013"
3347,User3883,Full Member,100.0,1.22,9.0,2.0,"December 01, 2013"
3349,User2566,Sr. Member,274.0,2.092,42.0,9.0,"October 14, 2013"
3354,User2868,Full Member,180.0,1.915,24.0,20.0,"November 19, 2013"
3358,User3207,Sr. Member,274.0,2.425,121.0,21.0,"November 01, 2013"
3368,User5736,Sr. Member,330.0,5.0,47.0,30.0,"December 17, 2013"
3369,User751,Vendor,37.0,0.398,1.0,0.0,"November 21, 2013"
3376,User3788,Full Member,222.0,3.083,71.0,29.0,"December 11, 2013"
3379,User1060,Full Member,111.0,3.265,8.0,1.0,"January 19, 2014"
3384,User2382,Vendor,31.0,0.226,0.0,2.0,"October 08, 2013"
3386,User995,Full Member,116.0,1.084,21.0,8.0,"November 07, 2013"
3391,User4273,Full Member,100.0,2.326,5.0,8.0,"January 10, 2014"
3398,User4554,Vendor,15.0,0.11,1.0,0.0,"October 09, 2013"
3399,User528,Sr. Member,414.0,3.067,76.0,14.0,"October 10, 2013"
3402,User5362,Vendor,12.0,0.094,2.0,1.0,"October 18, 2013"
3403,User4988,Full Member,120.0,2.927,35.0,4.0,"January 11, 2014"
3404,User1095,Full Member,101.0,1.11,12.0,2.0,"November 23, 2013"
3405,User602,Vendor,55.0,0.401,23.0,21.0,"October 08, 2013"
3410,User1955,Full Member,234.0,2.089,53.0,13.0,"November 01, 2013"
3412,User3400,Vendor,338.0,3.558,35.0,15.0,"November 18, 2013"
3416,User265,Vendor,58.0,0.433,0.0,0.0,"October 10, 2013"
3426,User85,Vendor,187.0,2.309,20.0,0.0,"December 02, 2013"
3430,User2619,Vendor,81.0,0.818,23.0,1.0,"November 14, 2013"
3439,User5584,Vendor,56.0,0.583,2.0,3.0,"November 19, 2013"
3440,User3322,Vendor,45.0,0.441,6.0,1.0,"November 12, 2013"
3452,User1519,Full Member,106.0,0.991,11.0,1.0,"November 07, 2013"
3453,User2417,Full Member,119.0,1.026,80.0,4.0,"October 29, 2013"
3455,User5824,Hero Member,1004.0,7.382,204.0,47.0,"October 08, 2013"
3456,User1769,Full Member,189.0,1.39,28.0,15.0,"October 09, 2013"
3458,User739,Full Member,233.0,6.657,41.0,9.0,"January 18, 2014"
3459,User525,Full Member,185.0,5.606,9.0,4.0,"January 20, 2014"
3461,User4753,Full Member,108.0,0.824,7.0,8.0,"October 14, 2013"
3466,User6046,Vendor,40.0,0.476,1.0,0.0,"November 30, 2013"
3467,User856,Vendor,131.0,1.083,47.0,4.0,"October 23, 2013"
3468,User5832,Vendor,62.0,0.534,4.0,2.0,"October 29, 2013"
3473,User5088,Vendor,44.0,0.524,5.0,0.0,"November 30, 2013"
3475,User1139,Full Member,145.0,1.526,10.0,4.0,"November 19, 2013"
3477,User1665,Full Member,108.0,1.479,27.0,11.0,"December 10, 2013"
3488,User4660,Full Member,126.0,0.926,11.0,2.0,"October 09, 2013"
3493,User3947,Full Member,160.0,1.928,7.0,3.0,"December 01, 2013"
3498,User3185,Full Member,168.0,2.625,10.0,1.0,"December 19, 2013"
3499,User1476,Vendor,50.0,0.476,8.0,10.0,"November 08, 2013"
3502,User6017,Full Member,111.0,1.354,4.0,1.0,"December 02, 2013"
3510,User4458,Vendor,94.0,1.056,4.0,5.0,"November 24, 2013"
3512,User666,Sr. Member,315.0,2.582,41.0,211.0,"October 23, 2013"
3513,User3954,Vendor,389.0,3.705,55.0,11.0,"November 08, 2013"
3518,User2391,Full Member,230.0,2.5,18.0,2.0,"November 21, 2013"
3519,User3899,Vendor,80.0,0.825,5.0,13.0,"November 16, 2013"
3521,User3310,Sr. Member,306.0,3.03,74.0,7.0,"November 12, 2013"
3529,User3905,Sr. Member,273.0,2.202,45.0,10.0,"October 21, 2013"
3537,User6029,Vendor,38.0,0.281,16.0,1.0,"October 10, 2013"
3538,User689,Vendor,187.0,2.101,19.0,10.0,"November 24, 2013"
3541,User3381,Full Member,156.0,1.147,26.0,1.0,"October 09, 2013"
3544,User726,Hero Member,748.0,5.667,69.0,43.0,"October 13, 2013"
3549,User2747,Full Member,105.0,1.346,5.0,0.0,"December 06, 2013"
3550,User6056,Vendor,8.0,0.061,1.0,0.0,"October 13, 2013"
3554,User4277,Full Member,190.0,2.289,20.0,3.0,"December 01, 2013"
3562,User4253,Vendor,12.0,0.141,0.0,1.0,"November 29, 2013"
3563,User6051,Sr. Member,287.0,4.348,36.0,23.0,"December 18, 2013"
3570,User4536,Full Member,163.0,1.226,37.0,10.0,"October 12, 2013"
3571,User271,Vendor,552.0,4.452,31.0,43.0,"October 20, 2013"
3572,User2372,Vendor,19.0,0.181,13.0,2.0,"November 09, 2013"
3574,User2456,Vendor,19.0,0.141,1.0,0.0,"October 09, 2013"
3575,User4180,Full Member,213.0,3.132,21.0,2.0,"December 15, 2013"
3585,User1190,Full Member,155.0,1.722,8.0,12.0,"November 24, 2013"
3589,User2891,Vendor,152.0,1.118,83.0,31.0,"October 08, 2013"
3590,User5984,Sr. Member,362.0,6.136,137.0,35.0,"December 24, 2013"
3591,User4241,Vendor,487.0,5.867,45.0,28.0,"November 30, 2013"
3596,User4086,Hero Member,540.0,4.0,154.0,30.0,"October 10, 2013"
3597,User664,Full Member,101.0,1.217,4.0,6.0,"December 01, 2013"
3598,User896,Full Member,179.0,3.315,19.0,7.0,"December 30, 2013"
3599,User1410,Hero Member,1519.0,13.095,182.0,50.0,"October 28, 2013"
3609,User2377,Full Member,142.0,1.797,8.0,3.0,"December 05, 2013"
3610,User298,Full Member,147.0,1.185,10.0,4.0,"October 21, 2013"
3614,User2332,Full Member,128.0,2.169,7.0,1.0,"December 25, 2013"
3615,User4225,Vendor,63.0,0.67,5.0,9.0,"November 20, 2013"
3618,User3792,Full Member,115.0,0.966,13.0,2.0,"October 25, 2013"
3626,User1353,Full Member,152.0,1.126,8.0,50.0,"October 10, 2013"
3627,User4618,Vendor,1.0,0.01,1.0,7.0,"November 20, 2013"
3628,User5218,Vendor,683.0,6.899,304.0,79.0,"November 15, 2013"
3632,User2286,Full Member,248.0,1.837,26.0,2.0,"October 10, 2013"
3635,User1578,Full Member,138.0,1.015,20.0,15.0,"October 09, 2013"
3648,User808,Full Member,144.0,1.346,7.0,1.0,"November 07, 2013"
3649,User3005,Full Member,126.0,1.448,30.0,5.0,"November 27, 2013"
3652,User3943,Vendor,7.0,0.067,0.0,0.0,"November 09, 2013"
3658,User5973,Hero Member,515.0,3.815,114.0,35.0,"October 10, 2013"
3659,User1436,Full Member,142.0,3.55,30.0,2.0,"January 13, 2014"
3664,User5068,Administrator,264.0,2.64,397.0,61.0,"November 13, 2013"
3665,User4055,Full Member,110.0,1.375,6.0,3.0,"December 03, 2013"
3667,User3130,Vendor,36.0,0.265,5.0,0.0,"October 09, 2013"
3677,User5974,Full Member,191.0,2.616,12.0,69.0,"December 11, 2013"
3679,User1542,Full Member,147.0,4.455,11.0,9.0,"January 20, 2014"
3681,User2979,Vendor,39.0,0.368,3.0,2.0,"November 08, 2013"
3692,User2944,Vendor,69.0,0.704,11.0,1.0,"November 15, 2013"
3693,User1140,Hero Member,1015.0,7.463,290.0,31.0,"October 09, 2013"
3701,User2488,Full Member,124.0,0.905,33.0,5.0,"October 08, 2013"
3704,User3238,Full Member,121.0,1.26,28.0,4.0,"November 18, 2013"
3706,User1951,Vendor,69.0,0.515,27.0,0.0,"October 10, 2013"
3713,User1077,Full Member,246.0,4.033,65.0,3.0,"December 22, 2013"
3714,User6006,Full Member,126.0,2.25,11.0,4.0,"December 28, 2013"
3723,User2718,Full Member,150.0,3.75,10.0,1.0,"January 13, 2014"
3725,User4094,Full Member,146.0,2.704,8.0,6.0,"December 30, 2013"
3726,User2058,Full Member,128.0,1.391,0.0,0.0,"November 22, 2013"
3727,User621,Full Member,131.0,0.97,15.0,3.0,"October 10, 2013"
3732,User3757,Full Member,133.0,2.111,16.0,4.0,"December 20, 2013"
3736,User5697,Full Member,121.0,2.283,5.0,0.0,"December 30, 2013"
3737,User233,Full Member,130.0,0.97,127.0,12.0,"October 11, 2013"
3746,User4085,Full Member,204.0,1.511,47.0,9.0,"October 09, 2013"
3749,User5721,Full Member,172.0,1.376,12.0,3.0,"October 20, 2013"
3751,User5619,Full Member,155.0,1.632,63.0,14.0,"November 18, 2013"
3752,User1214,Sr. Member,336.0,2.605,112.0,31.0,"October 16, 2013"
3753,User879,Vendor,3.0,0.023,0.0,0.0,"October 16, 2013"
3756,User2989,Full Member,133.0,0.985,17.0,4.0,"October 09, 2013"
3760,User3791,Full Member,138.0,1.14,7.0,8.0,"October 24, 2013"
3761,User935,Vendor,86.0,0.935,2.0,1.0,"November 22, 2013"
3767,User4469,Full Member,179.0,1.989,55.0,30.0,"November 23, 2013"
3769,User2295,Sr. Member,287.0,9.567,18.0,10.0,"January 22, 2014"
3770,User2635,Vendor,9.0,0.066,1.0,0.0,"October 09, 2013"
3771,User5986,Vendor,40.0,0.465,11.0,0.0,"November 27, 2013"
3773,User510,Vendor,86.0,0.869,19.0,2.0,"November 15, 2013"
3786,User2815,Vendor,76.0,0.916,24.0,3.0,"November 30, 2013"
3789,User947,Full Member,158.0,1.328,23.0,24.0,"October 26, 2013"
3793,User3361,Full Member,106.0,1.559,26.0,14.0,"December 15, 2013"
3801,User3955,Full Member,106.0,1.152,3.0,2.0,"November 22, 2013"
3804,User806,Vendor,69.0,0.515,10.0,6.0,"October 10, 2013"
3815,User1452,Sr. Member,406.0,8.638,144.0,15.0,"January 05, 2014"
3816,User1019,Full Member,182.0,2.676,44.0,7.0,"December 16, 2013"
3819,User304,Full Member,136.0,2.615,14.0,13.0,"January 01, 2014"
3826,User188,Global Moderator,65.0,0.524,46.0,2.0,"October 20, 2013"
3835,User4791,Sr. Member,489.0,3.733,122.0,90.0,"October 14, 2013"
3845,User1043,Full Member,129.0,1.554,14.0,3.0,"December 01, 2013"
3856,User440,Full Member,191.0,1.415,28.0,9.0,"October 09, 2013"
3858,User2870,Vendor,54.0,0.397,10.0,0.0,"October 08, 2013"
3862,User1022,Vendor,210.0,1.544,17.0,8.0,"October 08, 2013"
3868,User5947,Full Member,150.0,1.613,31.0,4.0,"November 21, 2013"
3870,User1000,Full Member,102.0,0.981,4.0,1.0,"November 09, 2013"
3873,User5290,Full Member,204.0,2.72,39.0,9.0,"December 09, 2013"
3876,User5788,Full Member,122.0,1.968,3.0,1.0,"December 22, 2013"
3878,User4738,Vendor,19.0,0.213,3.0,0.0,"November 25, 2013"
3879,User162,Full Member,126.0,3.818,4.0,0.0,"January 20, 2014"
3880,User5452,Sr. Member,287.0,3.727,24.0,7.0,"December 08, 2013"
3881,User1166,Vendor,96.0,0.722,6.0,0.0,"October 11, 2013"
3887,User817,Full Member,109.0,1.346,90.0,19.0,"December 02, 2013"
3890,User1923,Full Member,156.0,1.248,13.0,29.0,"October 20, 2013"
3891,User1520,Sr. Member,306.0,2.267,30.0,3.0,"October 09, 2013"
3892,User3093,Sr. Member,364.0,3.604,44.0,13.0,"November 12, 2013"
3895,User1656,Full Member,127.0,2.442,9.0,3.0,"January 01, 2014"
3899,User1936,Vendor,24.0,0.186,2.0,1.0,"October 15, 2013"
3900,User150,Full Member,111.0,1.632,8.0,9.0,"December 16, 2013"
3904,User5954,Full Member,163.0,2.203,35.0,0.0,"December 10, 2013"
3908,User5502,Vendor,121.0,1.131,35.0,5.0,"November 07, 2013"
3916,User652,Vendor,187.0,2.28,15.0,8.0,"December 01, 2013"
3918,User5731,Vendor,317.0,2.62,48.0,11.0,"October 23, 2013"
3919,User713,Full Member,102.0,2.615,16.0,2.0,"January 13, 2014"
3927,User1681,Full Member,106.0,3.313,2.0,1.0,"January 21, 2014"
3931,User1435,Full Member,106.0,2.585,6.0,0.0,"January 11, 2014"
3932,User1957,Full Member,121.0,1.571,3.0,14.0,"December 07, 2013"
3935,User4968,Hero Member,658.0,6.267,90.0,10.0,"November 09, 2013"
3938,User6008,Full Member,193.0,1.44,49.0,8.0,"October 10, 2013"
3941,User4974,Vendor,275.0,2.895,24.0,57.0,"November 18, 2013"
3947,User4022,Full Member,131.0,0.97,8.0,4.0,"October 09, 2013"
3949,User5972,Full Member,112.0,1.366,33.0,2.0,"December 01, 2013"
3954,User3336,Full Member,122.0,1.649,43.0,14.0,"December 09, 2013"
3955,User2460,Full Member,129.0,1.084,26.0,8.0,"October 25, 2013"
3958,User1391,Full Member,112.0,1.231,4.0,8.0,"November 23, 2013"
3960,User1819,Full Member,170.0,3.696,9.0,15.0,"January 08, 2014"
3962,User2399,Full Member,151.0,2.254,14.0,4.0,"December 17, 2013"
3963,User2040,Full Member,246.0,4.169,8.0,7.0,"December 24, 2013"
3970,User11,Full Member,182.0,2.275,23.0,19.0,"December 03, 2013"
3971,User5077,Full Member,105.0,1.117,14.0,3.0,"November 19, 2013"
3973,User5726,Vendor,511.0,4.482,44.0,24.0,"October 30, 2013"
3974,User680,Sr. Member,265.0,3.581,29.0,11.0,"December 09, 2013"
3978,User5306,Full Member,190.0,1.462,128.0,14.0,"October 14, 2013"
3981,User2900,Vendor,54.0,0.412,6.0,3.0,"October 13, 2013"
3982,User4726,Full Member,216.0,1.728,79.0,17.0,"October 20, 2013"
3985,User4172,Sr. Member,269.0,3.321,9.0,3.0,"December 02, 2013"
3986,User1009,Full Member,103.0,1.073,24.0,4.0,"November 17, 2013"
3987,User3570,Full Member,102.0,1.244,4.0,6.0,"December 02, 2013"
3990,User5967,Vendor,133.0,0.985,52.0,2.0,"October 09, 2013"
3992,User5571,Sr. Member,305.0,2.259,80.0,23.0,"October 10, 2013"
3994,User1628,Vendor,45.0,0.398,14.0,1.0,"October 31, 2013"
3996,User592,Vendor,92.0,0.958,19.0,8.0,"November 17, 2013"
4005,User1985,Full Member,104.0,3.152,7.0,1.0,"January 20, 2014"
4008,User3103,Full Member,246.0,6.474,23.0,7.0,"January 15, 2014"
4014,User5204,Vendor,2.0,0.015,0.0,0.0,"October 15, 2013"
4020,User214,Full Member,102.0,1.397,7.0,10.0,"December 11, 2013"
4022,User1997,Vendor,70.0,0.843,4.0,19.0,"December 01, 2013"
4028,User3045,Sr. Member,290.0,3.766,43.0,10.0,"December 06, 2013"
4032,User3932,Hero Member,759.0,5.622,93.0,31.0,"October 09, 2013"
4035,User4163,Sr. Member,361.0,2.798,42.0,34.0,"October 16, 2013"
4038,User1478,Sr. Member,333.0,4.826,40.0,7.0,"December 14, 2013"
4041,User3057,Vendor,693.0,8.885,38.0,29.0,"December 05, 2013"
4048,User826,Vendor,37.0,0.349,3.0,0.0,"November 07, 2013"
4050,User2820,Full Member,111.0,1.563,11.0,20.0,"December 13, 2013"
4054,User1645,Full Member,181.0,1.351,35.0,23.0,"October 10, 2013"
4056,User137,Vendor,36.0,0.364,1.0,0.0,"November 14, 2013"
4064,User3762,Hero Member,715.0,5.296,67.0,58.0,"October 09, 2013"
4068,User1973,Full Member,135.0,1.467,11.0,27.0,"November 22, 2013"
4074,User5094,Hero Member,593.0,4.36,76.0,11.0,"October 08, 2013"
4075,User4675,Sr. Member,294.0,3.341,20.0,19.0,"November 25, 2013"
4084,User2906,Full Member,192.0,6.621,11.0,3.0,"January 24, 2014"
4085,User5591,Full Member,215.0,1.604,36.0,4.0,"October 10, 2013"
4086,User4219,Vendor,39.0,0.3,4.0,2.0,"October 15, 2013"
4090,User3950,Sr. Member,443.0,3.92,40.0,19.0,"October 31, 2013"
4094,User5197,Full Member,122.0,1.326,13.0,8.0,"November 21, 2013"
4095,User4167,Hero Member,533.0,3.919,139.0,25.0,"October 09, 2013"
4096,User2247,Vendor,1001.0,7.526,144.0,75.0,"October 11, 2013"
4103,User1481,Vendor,8.0,0.08,4.0,1.0,"November 15, 2013"
4114,User3243,Full Member,205.0,6.029,78.0,4.0,"January 18, 2014"
4119,User1457,Full Member,140.0,2.692,25.0,13.0,"January 01, 2014"
4120,User1916,Vendor,164.0,1.547,13.0,13.0,"November 08, 2013"
4121,User5910,Full Member,151.0,3.683,9.0,11.0,"January 12, 2014"
4129,User2845,Sr. Member,264.0,5.28,14.0,6.0,"January 03, 2014"
4130,User4500,Vendor,72.0,0.55,18.0,1.0,"October 13, 2013"
4132,User5359,Sr. Member,257.0,4.849,28.0,27.0,"December 31, 2013"
4147,User2203,Vendor,164.0,1.726,21.0,3.0,"November 18, 2013"
4148,User2455,Full Member,118.0,2.314,12.0,7.0,"January 01, 2014"
4149,User886,Vendor,63.0,0.768,11.0,1.0,"December 01, 2013"
4152,User3307,Vendor,14.0,0.103,0.0,2.0,"October 09, 2013"
4154,User878,Vendor,23.0,0.177,8.0,2.0,"October 15, 2013"
4158,User2618,Vendor,9.0,0.103,2.0,0.0,"November 28, 2013"
4161,User4126,Vendor,261.0,1.933,26.0,6.0,"October 09, 2013"
4166,User5505,Full Member,144.0,1.44,15.0,4.0,"November 14, 2013"
4167,User3251,Vendor,699.0,7.133,141.0,72.0,"November 16, 2013"
4174,User4850,Vendor,100.0,0.87,22.0,4.0,"October 29, 2013"
4176,User1005,Sr. Member,257.0,5.468,46.0,11.0,"January 06, 2014"
4186,User3927,Full Member,189.0,2.277,15.0,1.0,"December 01, 2013"
4187,User5766,Full Member,103.0,1.241,9.0,1.0,"December 01, 2013"
4189,User323,Full Member,117.0,1.603,7.0,3.0,"December 11, 2013"
4202,User4005,Vendor,7.0,0.063,0.0,0.0,"November 01, 2013"
4205,User5728,SR Dev,72.0,1.469,63.0,7.0,"January 03, 2014"
4206,User5854,Vendor,430.0,4.019,35.0,32.0,"November 07, 2013"
4212,User3822,Full Member,198.0,2.538,31.0,3.0,"December 06, 2013"
4219,User2394,Sr. Member,412.0,3.075,100.0,12.0,"October 11, 2013"
4226,User787,Vendor,196.0,1.474,97.0,8.0,"October 11, 2013"
4227,User2951,Vendor,247.0,2.352,40.0,40.0,"November 08, 2013"
4232,User4860,Vendor,9.0,0.114,3.0,4.0,"December 05, 2013"
4234,User1632,Full Member,109.0,0.813,7.0,19.0,"October 11, 2013"
4236,User2644,Full Member,131.0,3.119,4.0,11.0,"January 10, 2014"
4239,User3231,Full Member,188.0,4.7,36.0,13.0,"January 13, 2014"
4242,User5779,Vendor,267.0,1.963,44.0,6.0,"October 08, 2013"
4244,User560,Sr. Member,325.0,4.452,18.0,16.0,"December 10, 2013"
4251,User4567,Vendor,61.0,0.592,1.0,3.0,"November 11, 2013"
4254,User4868,Full Member,100.0,1.923,7.0,0.0,"January 01, 2014"
4255,User3531,Sr. Member,301.0,5.281,43.0,3.0,"December 26, 2013"
4265,User5284,Vendor,25.0,0.291,1.0,0.0,"November 27, 2013"
4271,User1749,Vendor,357.0,4.011,37.0,22.0,"November 24, 2013"
4278,User3455,Vendor,53.0,0.438,4.0,1.0,"October 24, 2013"
4280,User4077,Full Member,124.0,1.699,5.0,9.0,"December 11, 2013"
4281,User1427,Vendor,45.0,0.429,8.0,1.0,"November 08, 2013"
4282,User5805,Vendor,334.0,3.243,98.0,3.0,"November 11, 2013"
4285,User1285,Full Member,107.0,1.115,42.0,4.0,"November 18, 2013"
4288,User5258,Hero Member,556.0,6.619,41.0,41.0,"November 30, 2013"
4290,User1875,Full Member,230.0,6.389,31.0,6.0,"January 16, 2014"
4303,User1369,Full Member,106.0,2.465,7.0,0.0,"January 10, 2014"
4307,User284,Full Member,196.0,1.441,34.0,13.0,"October 08, 2013"
4309,User3592,Vendor,430.0,4.574,151.0,147.0,"November 19, 2013"
4312,User3522,Vendor,56.0,0.434,9.0,5.0,"October 15, 2013"
4313,User4913,Full Member,194.0,2.31,28.0,9.0,"November 30, 2013"
4316,User228,Sr. Member,324.0,4.101,34.0,6.0,"December 04, 2013"
4319,User3745,Full Member,196.0,4.667,17.0,16.0,"January 11, 2014"
4324,User2437,Vendor,16.0,0.167,7.0,1.0,"November 18, 2013"
4325,User5464,Vendor,45.0,0.395,14.0,5.0,"October 31, 2013"
4327,User5507,Sr. Member,398.0,3.941,87.0,16.0,"November 12, 2013"
4330,User69,Full Member,114.0,2.327,13.0,8.0,"January 04, 2014"
4331,User741,Vendor,140.0,1.458,13.0,3.0,"November 17, 2013"
4337,User1394,Hero Member,1239.0,15.488,96.0,157.0,"December 03, 2013"
4341,User2308,Sr. Member,283.0,2.194,20.0,8.0,"October 16, 2013"
4342,User3996,Full Member,128.0,2.133,9.0,3.0,"December 24, 2013"
4346,User535,Vendor,56.0,0.683,6.0,2.0,"December 01, 2013"
4351,User4899,Full Member,110.0,0.894,247.0,10.0,"October 21, 2013"
4353,User598,Full Member,224.0,1.778,58.0,10.0,"October 19, 2013"
4364,User709,Vendor,175.0,2.108,15.0,6.0,"November 30, 2013"
4368,User2255,Full Member,112.0,0.882,6.0,5.0,"October 18, 2013"
4376,User3990,Vendor,42.0,0.365,8.0,2.0,"October 29, 2013"
4377,User2171,Vendor,8.0,0.059,0.0,0.0,"October 10, 2013"
4378,User3863,Full Member,120.0,1.446,14.0,75.0,"December 01, 2013"
4382,User2763,Vendor,16.0,0.155,4.0,0.0,"November 11, 2013"
4385,User4960,Full Member,166.0,2.049,20.0,13.0,"December 03, 2013"
4386,User5867,Full Member,147.0,3.196,13.0,3.0,"January 06, 2014"
4392,User755,Full Member,108.0,1.301,20.0,3.0,"November 30, 2013"
4393,User1155,Vendor,16.0,0.158,3.0,4.0,"November 13, 2013"
4394,User4321,Hero Member,604.0,4.441,102.0,11.0,"October 09, 2013"
4396,User4910,Full Member,153.0,1.594,17.0,10.0,"November 18, 2013"
4404,User1193,Full Member,116.0,1.657,30.0,47.0,"December 14, 2013"
4406,User2380,Vendor,181.0,1.341,9.0,3.0,"October 10, 2013"
4417,User4329,Vendor,58.0,0.734,2.0,0.0,"December 04, 2013"
4418,User3022,Vendor,59.0,0.596,5.0,5.0,"November 15, 2013"
4419,User201,Full Member,111.0,1.85,5.0,1.0,"December 23, 2013"
4422,User4441,Vendor,6.0,0.044,1.0,0.0,"October 10, 2013"
4430,User5316,Full Member,129.0,3.0,1.0,2.0,"January 10, 2014"
4436,User279,Full Member,115.0,2.614,11.0,3.0,"January 08, 2014"
4439,User1491,Vendor,712.0,8.79,121.0,21.0,"December 02, 2013"
4450,User1185,Full Member,139.0,1.037,16.0,7.0,"October 10, 2013"
4457,User3693,Full Member,110.0,2.558,19.0,1.0,"January 10, 2014"
4469,User4568,Vendor,1.0,0.008,0.0,0.0,"October 23, 2013"
4471,User2269,Full Member,146.0,1.825,18.0,13.0,"December 03, 2013"
4472,User5285,Hero Member,523.0,4.934,39.0,6.0,"November 08, 2013"
4474,User2015,Vendor,4.0,0.038,0.0,0.0,"November 09, 2013"
4476,User5638,Sr. Member,280.0,3.415,10.0,38.0,"December 02, 2013"
4479,User3286,Vendor,41.0,0.402,3.0,0.0,"November 11, 2013"
4486,User4289,Full Member,155.0,1.598,19.0,4.0,"November 17, 2013"
4503,User3588,Sr. Member,339.0,5.06,27.0,16.0,"December 16, 2013"
4510,User4136,Sr. Member,430.0,8.958,48.0,11.0,"January 05, 2014"
4512,User5442,Vendor,483.0,5.084,81.0,39.0,"November 18, 2013"
4514,User3420,Vendor,48.0,0.358,0.0,0.0,"October 10, 2013"
4516,User4806,Vendor,3.0,0.03,0.0,0.0,"November 15, 2013"
4517,User4400,Vendor,12.0,0.094,11.0,1.0,"October 17, 2013"
4535,User2571,Vendor,10.0,0.093,4.0,1.0,"November 07, 2013"
4537,User3482,Vendor,83.0,0.615,14.0,18.0,"October 09, 2013"
4538,User4506,Full Member,197.0,2.141,43.0,2.0,"November 21, 2013"
4542,User66,Sr. Member,319.0,2.726,55.0,33.0,"October 28, 2013"
4560,User2471,Vendor,74.0,0.881,5.0,1.0,"November 29, 2013"
4564,User3839,Vendor,9.0,0.068,2.0,0.0,"October 12, 2013"
4566,User1025,Sr. Member,251.0,1.887,52.0,9.0,"October 12, 2013"
4569,User4765,Full Member,199.0,2.117,21.0,10.0,"November 20, 2013"
4573,User722,Full Member,139.0,1.931,25.0,1.0,"December 12, 2013"
4576,User4849,Vendor,5.0,0.038,20.0,17.0,"October 15, 2013"
4582,User4733,Full Member,123.0,0.918,13.0,17.0,"October 11, 2013"
4591,User5892,Vendor,116.0,0.913,17.0,0.0,"October 18, 2013"
4593,User1198,Full Member,107.0,1.466,9.0,1.0,"December 11, 2013"
4605,User3142,Vendor,90.0,0.667,23.0,2.0,"October 09, 2013"
4607,User1856,Full Member,154.0,1.925,16.0,11.0,"December 03, 2013"
4609,User899,Vendor,74.0,0.632,31.0,3.0,"October 27, 2013"
4613,User2000,Full Member,210.0,1.544,99.0,30.0,"October 08, 2013"
4614,User488,Vendor,17.0,0.159,3.0,0.0,"November 07, 2013"
4619,User2169,Vendor,13.0,0.096,3.0,0.0,"October 09, 2013"
4621,User2121,Full Member,114.0,3.167,1.0,13.0,"January 17, 2014"
4634,User566,Full Member,119.0,2.833,6.0,6.0,"January 11, 2014"
4635,User44,Full Member,101.0,1.263,9.0,3.0,"December 03, 2013"
4642,User2953,Vendor,304.0,2.714,19.0,10.0,"November 01, 2013"
4647,User1057,Vendor,35.0,0.422,7.0,1.0,"December 01, 2013"
4649,User5875,Full Member,139.0,2.317,17.0,3.0,"December 23, 2013"
4652,User3557,Vendor,9.0,0.069,2.0,4.0,"October 14, 2013"
4657,User1756,Sr. Member,337.0,2.93,34.0,8.0,"October 30, 2013"
4658,User5159,Full Member,174.0,1.289,13.0,8.0,"October 10, 2013"
4662,User5701,Hero Member,1393.0,15.83,103.0,106.0,"November 25, 2013"
4663,User1577,Full Member,104.0,2.811,20.0,10.0,"January 16, 2014"
4667,User4298,Full Member,138.0,2.226,5.0,2.0,"December 21, 2013"
4672,User1897,Full Member,110.0,0.853,38.0,1.0,"October 15, 2013"
4674,User5880,Vendor,160.0,1.185,40.0,2.0,"October 09, 2013"
4675,User4979,Sr. Member,355.0,2.983,85.0,16.0,"October 26, 2013"
4676,User196,Full Member,101.0,0.953,13.0,3.0,"November 08, 2013"
4687,User1826,Sr. Member,257.0,2.649,37.0,11.0,"November 16, 2013"
4689,User1081,Hero Member,517.0,9.942,68.0,16.0,"January 01, 2014"
4690,User5806,Vendor,32.0,0.241,3.0,1.0,"October 11, 2013"
4692,User661,Full Member,216.0,2.667,16.0,13.0,"December 03, 2013"
4694,User2530,Full Member,147.0,1.427,34.0,11.0,"November 10, 2013"
4695,User433,Global Moderator,420.0,3.111,164.0,40.0,"October 10, 2013"
4696,User1475,Sr. Member,282.0,5.127,85.0,23.0,"December 29, 2013"
4704,User5312,Vendor,22.0,0.175,0.0,2.0,"October 19, 2013"
4708,User5977,Sr. Member,350.0,3.333,136.0,15.0,"November 08, 2013"
4716,User3164,Full Member,123.0,0.946,18.0,5.0,"October 15, 2013"
4727,User5118,Vendor,60.0,0.632,1.0,0.0,"November 18, 2013"
4732,User3696,Journalist,130.0,0.956,76.0,15.0,"October 08, 2013"
4734,User2871,Vendor,10.0,0.083,2.0,0.0,"October 23, 2013"
4742,User1804,Vendor,668.0,5.138,203.0,46.0,"October 14, 2013"
4743,User3097,Sr. Member,330.0,2.578,13.0,18.0,"October 17, 2013"
4746,User5798,Vendor,6.0,0.046,0.0,0.0,"October 15, 2013"
4749,User6003,Sr. Member,319.0,2.398,19.0,30.0,"October 11, 2013"
4750,User2806,Vendor,103.0,0.78,16.0,0.0,"October 12, 2013"
4754,User5925,Full Member,122.0,2.346,4.0,11.0,"January 01, 2014"
4755,User5931,Full Member,200.0,1.515,88.0,15.0,"October 13, 2013"
4757,User635,Vendor,65.0,0.481,31.0,19.0,"October 09, 2013"
4764,User4874,Full Member,132.0,2.809,19.0,1.0,"January 06, 2014"
4769,User478,Full Member,133.0,3.41,21.0,14.0,"January 13, 2014"
4773,User2813,Full Member,216.0,3.375,52.0,6.0,"December 19, 2013"
4776,User1447,Vendor,18.0,0.176,5.0,1.0,"November 11, 2013"
4781,User1596,Sr. Member,317.0,4.465,57.0,10.0,"December 12, 2013"
4783,User4210,Full Member,125.0,0.919,10.0,3.0,"October 09, 2013"
4785,User4779,Full Member,197.0,2.074,10.0,0.0,"November 19, 2013"
4788,User3637,Vendor,173.0,2.163,13.0,3.0,"December 04, 2013"
4789,User5590,Full Member,193.0,2.644,16.0,4.0,"December 10, 2013"
4790,User4820,Full Member,177.0,2.81,8.0,3.0,"December 20, 2013"
4793,User4379,Sr. Member,255.0,1.889,80.0,35.0,"October 10, 2013"
4795,User277,Vendor,52.0,0.486,1.0,2.0,"November 07, 2013"
4797,User1440,Full Member,176.0,1.285,19.0,12.0,"October 08, 2013"
4801,User1723,Full Member,100.0,1.449,8.0,1.0,"December 15, 2013"
4802,User5237,Full Member,181.0,1.351,13.0,6.0,"October 10, 2013"
4803,User2679,Full Member,115.0,3.286,4.0,2.0,"January 17, 2014"
4804,User2987,Full Member,114.0,0.87,23.0,8.0,"October 14, 2013"
4807,User5056,Full Member,215.0,2.654,11.0,35.0,"December 02, 2013"
4808,User2539,Full Member,156.0,1.182,40.0,5.0,"October 13, 2013"
4812,User2070,Hero Member,1318.0,9.763,217.0,31.0,"October 09, 2013"
4814,User1976,Full Member,241.0,3.257,42.0,28.0,"December 09, 2013"
4816,User5703,Full Member,152.0,3.455,19.0,3.0,"January 08, 2014"
4819,User1625,Full Member,165.0,2.292,24.0,18.0,"December 11, 2013"
4820,User3566,Full Member,197.0,1.47,10.0,24.0,"October 11, 2013"
4821,User1634,Full Member,148.0,1.827,16.0,0.0,"December 03, 2013"
4822,User3234,Vendor,10.0,0.075,0.0,0.0,"October 11, 2013"
4825,User2273,Vendor,52.0,0.565,1.0,0.0,"November 22, 2013"
4832,User659,Full Member,103.0,1.02,9.0,5.0,"November 13, 2013"
4836,User2126,Vendor,87.0,0.644,6.0,1.0,"October 09, 2013"
4839,User2652,Vendor,525.0,3.889,28.0,13.0,"October 09, 2013"
4845,User5164,Full Member,122.0,1.525,25.0,9.0,"December 03, 2013"
4850,User5601,Hero Member,975.0,7.117,119.0,116.0,"October 08, 2013"
4859,User4941,Full Member,146.0,2.517,16.0,3.0,"December 26, 2013"
4870,User5024,Full Member,119.0,1.7,8.0,4.0,"December 14, 2013"
4880,User4743,Vendor,10.0,0.123,3.0,2.0,"December 02, 2013"
4884,User5671,Vendor,75.0,0.556,8.0,1.0,"October 10, 2013"
4893,User4302,Vendor,99.0,0.733,28.0,6.0,"October 09, 2013"
4895,User5414,Vendor,52.0,0.505,5.0,0.0,"November 11, 2013"
4901,User2559,Vendor,46.0,0.348,9.0,2.0,"October 13, 2013"
4903,User5565,Sr. Member,270.0,3.293,24.0,7.0,"December 01, 2013"
4905,User3775,Vendor,90.0,1.071,18.0,13.0,"November 29, 2013"
4907,User4206,Vendor,196.0,1.766,30.0,6.0,"November 02, 2013"
4915,User4497,Vendor,55.0,0.519,1.0,5.0,"November 08, 2013"
4918,User2684,Vendor,113.0,1.141,12.0,2.0,"November 14, 2013"
4922,User4403,Full Member,111.0,1.79,6.0,9.0,"December 21, 2013"
4930,User5589,Vendor,4.0,0.037,0.0,0.0,"November 08, 2013"
4935,User1818,Vendor,231.0,3.787,32.0,13.0,"December 22, 2013"
4939,User4471,Sr. Member,314.0,3.609,37.0,3.0,"November 27, 2013"
4945,User2157,Vendor,74.0,0.548,3.0,2.0,"October 09, 2013"
4949,User5856,Vendor,118.0,0.929,20.0,9.0,"October 17, 2013"
4953,User2807,Vendor,47.0,0.348,1.0,3.0,"October 09, 2013"
4954,User1037,Full Member,138.0,2.816,11.0,1.0,"January 04, 2014"
4959,User1281,Full Member,204.0,2.217,33.0,33.0,"November 21, 2013"
4960,User437,Hero Member,541.0,6.763,136.0,22.0,"December 04, 2013"
4967,User542,Full Member,108.0,0.8,7.0,26.0,"October 10, 2013"
4970,User1187,Full Member,143.0,2.86,8.0,10.0,"January 02, 2014"
4972,User1384,Vendor,3.0,0.022,0.0,0.0,"October 09, 2013"
4976,User4627,Vendor,223.0,2.104,28.0,11.0,"November 08, 2013"
4977,User3411,Vendor,38.0,0.284,4.0,1.0,"October 11, 2013"
4981,User4105,Sr. Member,284.0,2.104,35.0,6.0,"October 10, 2013"
4991,User1555,Full Member,109.0,1.198,5.0,0.0,"November 23, 2013"
4999,User909,Full Member,111.0,0.816,32.0,4.0,"October 08, 2013"
5001,User4858,Full Member,101.0,1.11,11.0,2.0,"November 23, 2013"
5003,User1562,Vendor,61.0,0.693,7.0,1.0,"November 26, 2013"
5009,User5554,Vendor,10.0,0.078,14.0,0.0,"October 17, 2013"
5011,User3935,Vendor,26.0,0.271,1.0,0.0,"November 18, 2013"
5017,User5666,Vendor,75.0,0.556,6.0,3.0,"October 10, 2013"
5018,User2927,Vendor,72.0,0.526,14.0,10.0,"October 08, 2013"
5027,User4475,Vendor,261.0,1.933,59.0,8.0,"October 09, 2013"
5035,User1112,Vendor,11.0,0.104,0.0,0.0,"November 08, 2013"
5038,User5184,Hero Member,560.0,4.118,244.0,31.0,"October 08, 2013"
5043,User3783,Sr. Member,375.0,6.25,34.0,51.0,"December 24, 2013"
5046,User3746,Full Member,128.0,1.684,9.0,3.0,"December 09, 2013"
5055,User3476,Vendor,43.0,0.494,9.0,3.0,"November 26, 2013"
5056,User497,Vendor,452.0,3.299,102.0,15.0,"October 08, 2013"
5058,User5238,Full Member,172.0,2.529,16.0,11.0,"December 15, 2013"
5066,User2591,Full Member,132.0,1.168,10.0,0.0,"November 01, 2013"
5081,User453,Hero Member,517.0,6.305,98.0,30.0,"December 02, 2013"
5082,User2445,Full Member,212.0,1.57,37.0,5.0,"October 09, 2013"
5084,User5625,Hero Member,1239.0,9.458,170.0,41.0,"October 13, 2013"
5086,User3548,Full Member,139.0,1.598,5.0,3.0,"November 26, 2013"
5092,User3039,Vendor,12.0,0.126,0.0,0.0,"November 20, 2013"
5099,User2897,Vendor,12.0,0.095,0.0,0.0,"October 19, 2013"
5101,User4295,Sr. Member,355.0,3.698,25.0,18.0,"November 17, 2013"
5106,User3649,Full Member,151.0,1.841,3.0,3.0,"December 01, 2013"
5107,User578,Vendor,278.0,2.044,77.0,33.0,"October 09, 2013"
5111,User1059,Vendor,4.0,0.041,0.0,0.0,"November 17, 2013"
5116,User3317,Full Member,131.0,4.094,31.0,5.0,"January 20, 2014"
5117,User5185,Vendor,170.0,1.683,44.0,2.0,"November 12, 2013"
5119,User2227,Vendor,11.0,0.111,5.0,0.0,"November 14, 2013"
5120,User799,Vendor,24.0,0.229,2.0,0.0,"November 09, 2013"
5132,User749,Vendor,41.0,0.387,5.0,6.0,"November 07, 2013"
5134,User2742,Full Member,142.0,4.581,11.0,0.0,"January 22, 2014"
5137,User2795,Full Member,198.0,4.125,12.0,3.0,"January 04, 2014"
5147,User5422,Vendor,21.0,0.154,4.0,0.0,"October 08, 2013"
5148,User724,Full Member,154.0,1.141,22.0,5.0,"October 09, 2013"
5149,User859,Full Member,152.0,2.082,6.0,11.0,"December 10, 2013"
5152,User3037,Vendor,12.0,0.09,1.0,0.0,"October 11, 2013"
5156,User540,Full Member,181.0,2.235,47.0,6.0,"December 02, 2013"
5158,User1640,Vendor,134.0,1.072,69.0,12.0,"October 19, 2013"
5159,User4612,Full Member,140.0,1.094,16.0,2.0,"October 16, 2013"
5161,User1782,Sr. Member,318.0,4.356,78.0,7.0,"December 11, 2013"
5162,User3434,Hero Member,665.0,8.636,85.0,22.0,"December 07, 2013"
5173,User2152,Sr. Member,377.0,3.065,85.0,9.0,"October 22, 2013"
5181,User5576,Vendor,87.0,0.685,13.0,8.0,"October 17, 2013"
5183,User3422,Vendor,9.0,0.067,1.0,0.0,"October 10, 2013"
5185,User4341,Full Member,172.0,2.356,22.0,3.0,"December 11, 2013"
5191,User450,Full Member,142.0,1.044,61.0,12.0,"October 09, 2013"
5196,User268,Journalist,14.0,0.103,11.0,1.0,"October 09, 2013"
5202,User579,Vendor,99.0,1.833,16.0,3.0,"December 30, 2013"
5205,User96,Vendor,32.0,0.302,0.0,1.0,"November 08, 2013"
5206,User2278,Vendor,11.0,0.081,1.0,0.0,"October 09, 2013"
5209,User2039,Vendor,31.0,0.356,1.0,1.0,"November 27, 2013"
5214,User770,Vendor,3.0,0.029,0.0,0.0,"November 13, 2013"
5216,User3380,Vendor,16.0,0.172,0.0,0.0,"November 21, 2013"
5220,User4109,Vendor,14.0,0.169,1.0,0.0,"December 01, 2013"
5221,User2318,Full Member,216.0,2.455,26.0,3.0,"November 26, 2013"
5227,User615,Vendor,22.0,0.208,3.0,8.0,"November 08, 2013"
5228,User119,Vendor,38.0,0.314,2.0,0.0,"October 23, 2013"
5233,User343,Full Member,160.0,1.441,10.0,2.0,"November 03, 2013"
5240,User2354,Vendor,134.0,1.614,35.0,3.0,"December 01, 2013"
5244,User3836,Full Member,137.0,1.132,20.0,15.0,"October 24, 2013"
5247,User2743,Sr. Member,331.0,4.299,37.0,79.0,"December 07, 2013"
5258,User2453,Sr. Member,389.0,2.881,49.0,26.0,"October 09, 2013"
5269,User4665,Vendor,16.0,0.151,2.0,0.0,"November 08, 2013"
5270,User3217,Sr. Member,305.0,3.211,65.0,9.0,"November 18, 2013"
5274,User4244,Vendor,3.0,0.023,0.0,1.0,"October 14, 2013"
5287,User1934,Full Member,217.0,1.596,31.0,37.0,"October 08, 2013"
5293,User2830,Full Member,112.0,2.0,9.0,2.0,"December 27, 2013"
5294,User1454,Full Member,105.0,1.5,9.0,11.0,"December 14, 2013"
5297,User2009,Vendor,32.0,0.296,11.0,0.0,"November 06, 2013"
5299,User5129,Vendor,184.0,1.363,41.0,12.0,"October 09, 2013"
5300,User5229,Sr. Member,304.0,2.394,169.0,31.0,"October 18, 2013"
5306,User2974,Vendor,4.0,0.045,1.0,0.0,"November 24, 2013"
5311,User456,Sr. Member,255.0,3.493,35.0,7.0,"December 10, 2013"
5312,User3440,Vendor,16.0,0.19,4.0,7.0,"November 29, 2013"
5317,User2731,Vendor,160.0,1.194,37.0,12.0,"October 11, 2013"
5325,User4117,Hero Member,717.0,5.272,125.0,19.0,"October 09, 2013"
5326,User4661,Full Member,121.0,1.458,16.0,6.0,"December 01, 2013"
5327,User1786,Full Member,104.0,2.213,7.0,13.0,"January 07, 2014"
5330,User5040,Full Member,167.0,1.796,12.0,1.0,"November 21, 2013"
5334,User4112,Vendor,223.0,1.652,35.0,6.0,"October 09, 2013"
5343,User5385,Vendor,253.0,1.874,12.0,8.0,"October 09, 2013"
5348,User2907,Vendor,294.0,2.97,32.0,9.0,"November 14, 2013"
5349,User934,Full Member,148.0,3.442,15.0,3.0,"January 09, 2014"
5353,User2131,Vendor,7.0,0.074,1.0,0.0,"November 19, 2013"
5354,User3119,Sr. Member,321.0,6.83,71.0,9.0,"January 06, 2014"
5357,User421,Vendor,8.0,0.075,0.0,0.0,"November 08, 2013"
5369,User1357,Sr. Member,315.0,3.795,80.0,47.0,"November 30, 2013"
5382,User4344,Full Member,118.0,1.168,15.0,1.0,"November 13, 2013"
5386,User4312,Full Member,210.0,6.774,15.0,6.0,"January 21, 2014"
5389,User5847,Full Member,243.0,2.558,15.0,6.0,"November 19, 2013"
5391,User835,Full Member,219.0,2.106,32.0,11.0,"November 10, 2013"
5400,User2825,Vendor,16.0,0.127,1.0,3.0,"October 19, 2013"
5403,User1965,Vendor,14.0,0.132,1.0,3.0,"November 08, 2013"
5404,User2822,Vendor,9.0,0.097,0.0,1.0,"November 20, 2013"
5411,User2531,Hero Member,1584.0,11.733,304.0,53.0,"October 09, 2013"
5412,User1113,Vendor,58.0,0.472,18.0,2.0,"October 22, 2013"
5417,User524,Vendor,71.0,0.703,5.0,1.0,"November 12, 2013"
5418,User2310,Full Member,109.0,1.313,9.0,2.0,"November 30, 2013"
5422,User1084,Full Member,101.0,2.525,30.0,5.0,"January 12, 2014"
5425,User2473,Vendor,40.0,0.303,17.0,0.0,"October 12, 2013"
5427,User5374,Full Member,122.0,2.259,11.0,23.0,"December 30, 2013"
5429,User4465,Hero Member,607.0,4.669,84.0,9.0,"October 15, 2013"
5436,User3395,Sr. Member,268.0,2.528,27.0,5.0,"November 08, 2013"
5437,User5879,Full Member,160.0,1.684,48.0,4.0,"November 18, 2013"
5446,User79,Full Member,107.0,0.823,43.0,4.0,"October 15, 2013"
5454,User58,Full Member,102.0,1.244,3.0,7.0,"December 01, 2013"
5459,User5163,Full Member,185.0,1.927,12.0,9.0,"November 17, 2013"
5462,User252,Full Member,103.0,1.355,4.0,13.0,"December 08, 2013"
5468,User4999,Vendor,56.0,0.415,7.0,1.0,"October 09, 2013"
5470,User2110,Full Member,221.0,3.25,17.0,1.0,"December 16, 2013"
5472,User4983,Vendor,34.0,0.378,0.0,0.0,"November 23, 2013"
5478,User788,Vendor,88.0,0.652,11.0,3.0,"October 09, 2013"
5480,User4709,Vendor,4.0,0.029,0.0,1.0,"October 09, 2013"
5490,User251,Full Member,138.0,1.062,40.0,4.0,"October 14, 2013"
5492,User3619,Full Member,108.0,1.479,10.0,61.0,"December 11, 2013"
5495,User4003,Full Member,183.0,3.588,15.0,10.0,"January 02, 2014"
5502,User5152,Full Member,211.0,1.819,17.0,6.0,"October 28, 2013"
5503,User4577,Vendor,624.0,5.474,161.0,13.0,"October 30, 2013"
5505,User728,Sr. Member,256.0,1.896,81.0,6.0,"October 10, 2013"
5508,User831,Sr. Member,276.0,7.077,24.0,14.0,"January 13, 2014"
5509,User1595,Vendor,72.0,0.643,5.0,2.0,"November 01, 2013"
5516,User1745,Vendor,7.0,0.06,2.0,0.0,"October 27, 2013"
5518,User874,Sr. Member,436.0,3.825,120.0,52.0,"October 31, 2013"
5532,User3754,Full Member,122.0,1.968,5.0,5.0,"December 22, 2013"
5535,User118,Full Member,184.0,1.415,31.0,7.0,"October 15, 2013"
5537,User1335,Vendor,2.0,0.015,0.0,0.0,"October 10, 2013"
5546,User5844,Full Member,126.0,1.041,8.0,12.0,"October 24, 2013"
5548,User3200,Sr. Member,317.0,5.113,54.0,22.0,"December 21, 2013"
5553,User3568,Full Member,203.0,1.55,47.0,12.0,"October 13, 2013"
5555,User1554,Vendor,63.0,0.467,7.0,2.0,"October 09, 2013"
5556,User1600,Full Member,109.0,0.879,18.0,11.0,"October 21, 2013"
5559,User1575,Vendor,7.0,0.065,2.0,0.0,"November 07, 2013"
5561,User2129,Vendor,14.0,0.167,3.0,6.0,"December 01, 2013"
5563,User3819,Full Member,246.0,1.822,25.0,2.0,"October 09, 2013"
5564,User6059,Vendor,151.0,1.411,14.0,8.0,"November 06, 2013"
5568,User684,Sr. Member,330.0,2.87,36.0,28.0,"October 30, 2013"
5570,User2398,Full Member,151.0,2.517,12.0,1.0,"December 24, 2013"
5571,User1302,Full Member,113.0,3.229,11.0,1.0,"January 17, 2014"
5574,User5006,Full Member,132.0,1.389,23.0,4.0,"November 19, 2013"
5576,User3487,Full Member,100.0,1.205,1.0,14.0,"December 01, 2013"
5578,User5418,Full Member,134.0,1.696,9.0,3.0,"December 04, 2013"
5581,User4394,Full Member,138.0,2.604,26.0,3.0,"December 30, 2013"
5582,User1571,Vendor,11.0,0.087,1.0,1.0,"October 18, 2013"
5583,User5829,Sr. Member,394.0,10.368,43.0,23.0,"January 15, 2014"
5587,User1671,Vendor,58.0,0.659,2.0,2.0,"November 25, 2013"
5588,User259,Hero Member,581.0,4.272,135.0,10.0,"October 09, 2013"
5589,User3110,Vendor,3.0,0.024,6.0,2.0,"October 21, 2013"
5592,User4281,Vendor,15.0,0.119,7.0,1.0,"October 19, 2013"
5593,User3279,Vendor,42.0,0.311,2.0,4.0,"October 09, 2013"
5595,User4994,Full Member,112.0,1.167,1.0,2.0,"November 18, 2013"
5597,User1661,Hero Member,563.0,4.17,67.0,23.0,"October 10, 2013"
5598,User4148,Vendor,20.0,0.148,3.0,1.0,"October 09, 2013"
5600,User5785,Vendor,145.0,1.239,56.0,2.0,"October 27, 2013"
5601,User3617,Full Member,102.0,0.767,17.0,12.0,"October 12, 2013"
5602,User1347,Full Member,121.0,1.142,13.0,3.0,"November 08, 2013"
5603,User5724,Vendor,124.0,0.919,57.0,2.0,"October 09, 2013"
5610,User584,Vendor,23.0,0.177,9.0,0.0,"October 15, 2013"
5614,User5679,Sr. Member,368.0,2.788,18.0,17.0,"October 12, 2013"
5615,User5393,Sr. Member,296.0,2.209,43.0,32.0,"October 11, 2013"
5626,User4861,Sr. Member,302.0,2.517,27.0,3.0,"October 25, 2013"
5629,User612,Vendor,262.0,1.926,39.0,5.0,"October 08, 2013"
5634,User1783,Full Member,123.0,1.337,32.0,4.0,"November 21, 2013"
5637,User4926,Full Member,112.0,3.733,5.0,0.0,"January 23, 2014"
5638,User2470,Vendor,317.0,2.366,27.0,16.0,"October 10, 2013"
5651,User4395,Full Member,188.0,5.371,8.0,37.0,"January 17, 2014"
5652,User1987,Full Member,159.0,4.818,14.0,8.0,"January 19, 2014"
5657,User3276,Hero Member,606.0,6.447,97.0,10.0,"November 20, 2013"
5661,User744,Full Member,142.0,1.527,24.0,2.0,"November 21, 2013"
5667,User3999,Sr. Member,261.0,3.729,25.0,10.0,"December 13, 2013"
5671,User3111,Global Moderator,440.0,3.235,149.0,21.0,"October 08, 2013"
5674,User918,Vendor,603.0,4.983,90.0,10.0,"October 23, 2013"
5678,User4492,Vendor,44.0,0.326,9.0,3.0,"October 10, 2013"
5689,User5356,Vendor,65.0,0.485,4.0,0.0,"October 10, 2013"
5694,User3728,Sr. Member,278.0,2.059,61.0,7.0,"October 10, 2013"
5703,User3261,Full Member,216.0,4.596,17.0,39.0,"January 05, 2014"
5705,User1364,Full Member,161.0,2.825,21.0,8.0,"December 27, 2013"
5712,User1295,Sr. Member,282.0,2.907,21.0,14.0,"November 17, 2013"
5719,User527,Full Member,145.0,3.625,15.0,1.0,"January 13, 2014"
5721,User4252,Vendor,113.0,0.904,13.0,24.0,"October 20, 2013"
5724,User5401,Hero Member,1697.0,12.57,219.0,81.0,"October 09, 2013"
5726,User3042,Full Member,102.0,2.684,8.0,30.0,"January 15, 2014"
5729,User3828,Full Member,146.0,1.074,11.0,9.0,"October 08, 2013"
5742,User3030,Full Member,188.0,3.76,51.0,3.0,"January 02, 2014"
5749,User677,Vendor,139.0,2.356,24.0,1.0,"December 24, 2013"
5751,User338,Full Member,111.0,1.423,4.0,4.0,"December 06, 2013"
5754,User4412,Vendor,38.0,0.362,8.0,1.0,"November 08, 2013"
5760,User5407,Sr. Member,254.0,2.646,18.0,17.0,"November 18, 2013"
5762,User4915,Vendor,37.0,0.301,2.0,1.0,"October 21, 2013"
5763,User1626,Full Member,197.0,1.527,46.0,4.0,"October 16, 2013"
5765,User5169,Full Member,142.0,1.044,13.0,0.0,"October 09, 2013"
5774,User4957,Sr. Member,371.0,2.789,55.0,43.0,"October 12, 2013"
5794,User1694,Full Member,109.0,1.434,49.0,1.0,"December 08, 2013"
5798,User1900,Full Member,111.0,2.921,9.0,8.0,"January 15, 2014"
5805,User3900,Hero Member,3633.0,37.844,238.0,123.0,"November 17, 2013"
5807,User4570,Vendor,259.0,1.947,105.0,107.0,"October 11, 2013"
5811,User250,Full Member,121.0,0.896,16.0,7.0,"October 10, 2013"
5816,User2205,Full Member,184.0,2.521,9.0,5.0,"December 10, 2013"
5822,User643,Full Member,101.0,1.135,5.0,9.0,"November 25, 2013"
5824,User1423,Full Member,125.0,1.289,9.0,1.0,"November 17, 2013"
5825,User1860,Vendor,6.0,0.064,0.0,0.0,"November 19, 2013"
5826,User54,Sr. Member,262.0,3.157,22.0,8.0,"December 01, 2013"
5827,User2599,Vendor,41.0,0.308,1.0,2.0,"October 11, 2013"
5828,User81,Vendor,218.0,1.717,17.0,6.0,"October 17, 2013"
5829,User3382,Vendor,70.0,0.737,4.0,0.0,"November 18, 2013"
5831,User3612,Full Member,155.0,2.348,8.0,2.0,"December 17, 2013"
5836,User370,Sr. Member,256.0,3.16,15.0,1.0,"December 02, 2013"
5838,User5675,Full Member,136.0,1.943,11.0,1.0,"December 14, 2013"
5849,User512,Full Member,154.0,2.0,5.0,4.0,"December 06, 2013"
5852,User2547,Vendor,51.0,0.408,0.0,0.0,"October 20, 2013"
5853,User2934,Full Member,212.0,1.656,45.0,16.0,"October 17, 2013"
5855,User2017,Vendor,2.0,0.015,0.0,0.0,"October 09, 2013"
5862,User5900,Vendor,107.0,0.793,10.0,2.0,"October 09, 2013"
5863,User5980,Vendor,261.0,2.486,70.0,24.0,"November 08, 2013"
5870,User5822,Full Member,139.0,1.112,51.0,2.0,"October 20, 2013"
5871,User1254,Journalist,29.0,0.24,11.0,7.0,"October 23, 2013"
5872,User2275,Global Moderator,909.0,7.836,214.0,12.0,"October 29, 2013"
5873,User2915,Full Member,131.0,4.852,16.0,12.0,"January 26, 2014"
5875,User5174,Vendor,3.0,0.032,0.0,0.0,"November 19, 2013"
5879,User434,Vendor,62.0,0.466,9.0,10.0,"October 11, 2013"
5881,User1375,Full Member,153.0,1.913,16.0,14.0,"December 04, 2013"
5895,User1090,Full Member,117.0,0.867,6.0,3.0,"October 09, 2013"
5896,User5294,Full Member,108.0,0.8,9.0,5.0,"October 09, 2013"
5897,User355,Vendor,11.0,0.121,4.0,0.0,"November 23, 2013"
5902,User2843,Sr. Member,299.0,6.644,21.0,52.0,"January 07, 2014"
5903,User4524,Journalist,78.0,0.796,47.0,28.0,"November 17, 2013"
5906,User5667,Full Member,101.0,1.263,13.0,0.0,"December 04, 2013"
5915,User3898,Full Member,104.0,2.889,17.0,0.0,"January 17, 2014"
5918,User2687,Full Member,127.0,2.396,28.0,9.0,"December 31, 2013"
5922,User2405,Full Member,101.0,1.554,10.0,2.0,"December 18, 2013"
5941,User1828,Vendor,344.0,3.276,120.0,12.0,"November 08, 2013"
5949,User2089,Full Member,119.0,1.308,20.0,2.0,"November 23, 2013"
5950,User4761,Full Member,233.0,4.755,25.0,1.0,"January 03, 2014"
5952,User2908,Vendor,121.0,0.945,31.0,9.0,"October 16, 2013"
5955,User2919,Vendor,3.0,0.022,0.0,0.0,"October 11, 2013"
5973,User2701,Vendor,178.0,1.391,20.0,3.0,"October 16, 2013"
5976,User2959,Sr. Member,305.0,2.276,53.0,50.0,"October 10, 2013"
5982,User2137,Vendor,12.0,0.088,5.0,2.0,"October 09, 2013"
5983,User3803,Vendor,70.0,0.833,27.0,3.0,"November 29, 2013"
5984,User956,Vendor,5.0,0.047,0.0,0.0,"November 08, 2013"
5986,User454,Full Member,112.0,2.667,3.0,3.0,"January 11, 2014"
5990,User5392,Full Member,103.0,2.641,4.0,1.0,"January 14, 2014"
5992,User3416,Full Member,144.0,2.057,11.0,4.0,"December 14, 2013"
6005,User46,Sr. Member,299.0,3.322,10.0,6.0,"November 23, 2013"
6015,User5233,Vendor,13.0,0.131,2.0,0.0,"November 14, 2013"
6017,User4303,Full Member,230.0,1.704,87.0,5.0,"October 09, 2013"
6020,User6030,Vendor,4.0,0.041,2.0,1.0,"November 17, 2013"
6027,User1812,Full Member,107.0,0.793,20.0,2.0,"October 09, 2013"
6036,User3393,Vendor,3.0,0.022,0.0,0.0,"October 09, 2013"
6037,User3630,Vendor,95.0,1.033,12.0,2.0,"November 21, 2013"
6045,User3180,Full Member,106.0,2.944,5.0,3.0,"January 16, 2014"
6051,User4575,Vendor,20.0,0.152,2.0,5.0,"October 13, 2013"
6057,User432,Vendor,8.0,0.059,3.0,1.0,"October 09, 2013"
